{
    "resources": [
        {
            "name": "convista/com/demo/dynamictile/twobyone/model/models.js"
        },
        {
            "name": "convista/com/demo/dynamictile/twobyone/view/MicroChartDemo.fragment.xml"
        },
        {
            "name": "convista/com/demo/dynamictile/twobyone/view/Configuration.view.xml"
        },
        {
            "name": "convista/com/demo/dynamictile/twobyone/view/i18n/i18n_de.properties",
            "raw": "i18n/i18n.properties"
        },
        {
            "name": "convista/com/demo/dynamictile/twobyone/view/i18n/i18n.properties",
            "raw": "i18n/i18n.properties"
        },
        {
            "name": "convista/com/demo/dynamictile/twobyone/view/Tile.view.xml"
        },
        {
            "name": "convista/com/demo/dynamictile/twobyone/css/style.css"
        },
        {
            "name": "convista/com/demo/dynamictile/twobyone/controller/Configuration.controller.js"
        },
        {
            "name": "convista/com/demo/dynamictile/twobyone/controller/Tile.controller.js"
        },
        {
            "name": "index.html"
        },
        {
            "name": "testindex.html"
        },
        {
            "name": "Component.js"
        },
        {
            "name": "tileDefinition.xml"
        },
        {
            "name": "manifest.json"
        },
        {
            "name": "Component-preload.js",
            "merged": true
        },
        {
            "name": "neo-app.json"
        }
    ]
}